Designator,Footprint,Quantity,Value,LCSC Part #
"C1, C2, C3, C4, C5",0603,5,100n,
D1,0805,1,LED,
J1,PinHeader_2x22_P2.00mm_Vertical,1,IDE Connector,
J2,PinHeader_1x02_P2.54mm_Vertical,1,Ext. LED,
JP1.1,SolderJumper-2_P1.3mm_Bridged_RoundedPad1.0x1.5mm,1,Master,
JP1.2,PinHeader_1x02_P2.54mm_Vertical,1,Master/Slave,
JP2,SolderJumper-2_P1.3mm_Open_RoundedPad1.0x1.5mm,1,U4 Bypass,
JP3,SolderJumper-2_P1.3mm_Open_RoundedPad1.0x1.5mm,1,R3 Bypass,
JP4,SolderJumper-2_P1.3mm_Open_RoundedPad1.0x1.5mm,1,R4 Bypass,
Q1,SOT-23,1,MMBT3906,
R1,0603,1,1k,
R2,0603,1,10k,
"R3, R4",0603,2,560R,
R5,0603,1,4.7k,
"U1, U2, U3",TSSOP-20_4.4x6.5mm_P0.65mm,3,SN74HCT245PWR,
U4,SOT-23-5_HandSoldering,1,74AHCT1G17,
U5,101DTAABR01,1,101D-TAAB-R01,
